{"stats":{"minecraft:custom":{"minecraft:jump":3,"minecraft:time_since_rest":18018,"minecraft:crouch_one_cm":18,"minecraft:leave_game":1,"minecraft:play_time":18018,"minecraft:time_since_death":18018,"minecraft:walk_one_cm":1332,"minecraft:sneak_time":10,"minecraft:total_world_time":18018,"minecraft:fly_one_cm":83},"minecraft:used":{"minecraft:yellow_wool":10,"minecraft:green_wool":6,"minecraft:lime_wool":14,"minecraft:light_gray_wool":3,"minecraft:blue_wool":8,"minecraft:orange_wool":6,"minecraft:gray_wool":5,"minecraft:red_wool":8}},"DataVersion":3465}