{"stats":{"minecraft:custom":{"minecraft:time_since_rest":77916,"minecraft:walk_one_cm":40230,"minecraft:sprint_one_cm":15724,"minecraft:damage_taken":220,"minecraft:mob_kills":5,"minecraft:damage_dealt":891,"minecraft:fly_one_cm":169597,"minecraft:play_time":77916,"minecraft:crouch_one_cm":876,"minecraft:sneak_time":767,"minecraft:walk_under_water_one_cm":961,"minecraft:jump":125,"minecraft:leave_game":4,"minecraft:time_since_death":77916,"minecraft:walk_on_water_one_cm":4753,"minecraft:total_world_time":77916,"minecraft:damage_resisted":780,"minecraft:fall_one_cm":5936},"minecraft:picked_up":{"minecraft:map":2,"minecraft:stone_pressure_plate":10,"minecraft:oak_wood":1,"minecraft:item_frame":4,"minecraft:bone":5,"minecraft:arrow":1,"minecraft:rotten_flesh":3,"minecraft:lever":7},"minecraft:killed":{"minecraft:skeleton":3,"minecraft:zombie":2},"minecraft:used":{"minecraft:redstone_torch":2,"minecraft:oak_log":4,"minecraft:water_bucket":2,"minecraft:lever":14,"minecraft:netherite_sword":13,"minecraft:command_block":20,"minecraft:red_wool":8,"minecraft:barrier":1,"minecraft:lime_wool":14,"minecraft:green_wool":6,"minecraft:blue_wool":8,"minecraft:stone":11,"minecraft:yellow_wool":23,"minecraft:bedrock":23,"minecraft:light_gray_wool":3,"minecraft:tnt":11,"minecraft:orange_wool":7,"minecraft:oak_wood":5,"minecraft:stone_pressure_plate":77,"minecraft:gray_wool":5,"minecraft:purple_wool":5}},"DataVersion":3465}