{"stats":{"minecraft:custom":{"minecraft:time_since_rest":32925,"minecraft:crouch_one_cm":221,"minecraft:sprint_one_cm":132,"minecraft:play_time":32925,"minecraft:walk_one_cm":5245,"minecraft:sneak_time":202,"minecraft:jump":12,"minecraft:leave_game":3,"minecraft:time_since_death":32925,"minecraft:total_world_time":32925,"minecraft:fly_one_cm":12945},"minecraft:picked_up":{"minecraft:lever":2},"minecraft:used":{"minecraft:redstone_torch":2,"minecraft:yellow_wool":10,"minecraft:oak_log":4,"minecraft:light_gray_wool":3,"minecraft:lever":9,"minecraft:command_block":7,"minecraft:red_wool":8,"minecraft:lime_wool":14,"minecraft:blue_wool":8,"minecraft:green_wool":6,"minecraft:orange_wool":7,"minecraft:oak_wood":4,"minecraft:gray_wool":5}},"DataVersion":3465}