{"stats":{"minecraft:custom":{"minecraft:time_since_rest":68925,"minecraft:crouch_one_cm":720,"minecraft:sprint_one_cm":14797,"minecraft:play_time":68925,"minecraft:damage_taken":220,"minecraft:walk_one_cm":38617,"minecraft:sneak_time":541,"minecraft:walk_under_water_one_cm":661,"minecraft:mob_kills":5,"minecraft:jump":105,"minecraft:damage_dealt":891,"minecraft:leave_game":3,"minecraft:walk_on_water_one_cm":966,"minecraft:time_since_death":68925,"minecraft:total_world_time":68925,"minecraft:damage_resisted":210,"minecraft:fly_one_cm":126564},"minecraft:killed":{"minecraft:zombie":2,"minecraft:skeleton":3},"minecraft:picked_up":{"minecraft:oak_wood":1,"minecraft:item_frame":4,"minecraft:arrow":1,"minecraft:rotten_flesh":3,"minecraft:lever":7,"minecraft:map":2,"minecraft:bone":5},"minecraft:used":{"minecraft:redstone_torch":2,"minecraft:yellow_wool":23,"minecraft:oak_log":4,"minecraft:netherite_sword":13,"minecraft:light_gray_wool":3,"minecraft:lever":14,"minecraft:command_block":20,"minecraft:red_wool":8,"minecraft:lime_wool":14,"minecraft:blue_wool":8,"minecraft:green_wool":6,"minecraft:orange_wool":7,"minecraft:oak_wood":5,"minecraft:stone":3,"minecraft:gray_wool":5,"minecraft:purple_wool":5}},"DataVersion":3465}