{"stats":{"minecraft:custom":{"minecraft:time_since_rest":56925,"minecraft:crouch_one_cm":533,"minecraft:sprint_one_cm":12683,"minecraft:play_time":56925,"minecraft:walk_one_cm":25655,"minecraft:sneak_time":413,"minecraft:walk_under_water_one_cm":490,"minecraft:jump":81,"minecraft:damage_dealt":10,"minecraft:leave_game":3,"minecraft:walk_on_water_one_cm":87,"minecraft:time_since_death":56925,"minecraft:total_world_time":56925,"minecraft:fly_one_cm":110809},"minecraft:picked_up":{"minecraft:oak_wood":1,"minecraft:item_frame":4,"minecraft:lever":7,"minecraft:map":2},"minecraft:used":{"minecraft:redstone_torch":2,"minecraft:yellow_wool":23,"minecraft:oak_log":4,"minecraft:light_gray_wool":3,"minecraft:lever":14,"minecraft:command_block":19,"minecraft:red_wool":8,"minecraft:lime_wool":14,"minecraft:blue_wool":8,"minecraft:green_wool":6,"minecraft:orange_wool":7,"minecraft:oak_wood":5,"minecraft:stone":3,"minecraft:gray_wool":5,"minecraft:purple_wool":5}},"DataVersion":3465}