{"stats":{"minecraft:custom":{"minecraft:time_since_rest":44925,"minecraft:crouch_one_cm":306,"minecraft:sprint_one_cm":9971,"minecraft:play_time":44925,"minecraft:walk_one_cm":17193,"minecraft:sneak_time":302,"minecraft:jump":51,"minecraft:leave_game":3,"minecraft:time_since_death":44925,"minecraft:total_world_time":44925,"minecraft:fly_one_cm":91530},"minecraft:picked_up":{"minecraft:lever":6},"minecraft:used":{"minecraft:redstone_torch":2,"minecraft:yellow_wool":23,"minecraft:oak_log":4,"minecraft:light_gray_wool":3,"minecraft:lever":14,"minecraft:command_block":18,"minecraft:red_wool":8,"minecraft:lime_wool":14,"minecraft:blue_wool":8,"minecraft:green_wool":6,"minecraft:orange_wool":7,"minecraft:oak_wood":5,"minecraft:gray_wool":5,"minecraft:purple_wool":1}},"DataVersion":3465}