{
  "minecraft:recipes/decorations/crafting_table": {
    "criteria": {
      "unlock_right_away": "2024-11-10 11:12:28 +0000"
    },
    "done": true
  },
  "minecraft:adventure/adventuring_time": {
    "criteria": {
      "minecraft:beach": "2024-11-10 11:12:29 +0000",
      "minecraft:lukewarm_ocean": "2024-11-10 11:42:05 +0000",
      "minecraft:plains": "2024-11-10 11:15:36 +0000"
    },
    "done": false
  },
  "minecraft:recipes/decorations/gray_bed": {
    "criteria": {
      "has_gray_wool": "2024-11-10 11:14:43 +0000"
    },
    "done": true
  },
  "another_furniture:recipes/gray_stool": {
    "criteria": {
      "has_wool": "2024-11-10 11:14:43 +0000"
    },
    "done": true
  },
  "minecraft:recipes/decorations/painting": {
    "criteria": {
      "has_wool": "2024-11-10 11:14:43 +0000"
    },
    "done": true
  },
  "minecraft:recipes/decorations/gray_carpet": {
    "criteria": {
      "has_gray_wool": "2024-11-10 11:14:43 +0000"
    },
    "done": true
  },
  "another_furniture:recipes/gray_curtain": {
    "criteria": {
      "has_wool": "2024-11-10 11:14:43 +0000"
    },
    "done": true
  },
  "another_furniture:recipes/gray_tall_stool": {
    "criteria": {
      "has_wool": "2024-11-10 11:14:43 +0000"
    },
    "done": true
  },
  "another_furniture:recipes/gray_lamp": {
    "criteria": {
      "has_wool": "2024-11-10 11:14:43 +0000"
    },
    "done": true
  },
  "another_furniture:recipes/gray_sofa": {
    "criteria": {
      "has_wool": "2024-11-10 11:14:43 +0000"
    },
    "done": true
  },
  "minecraft:recipes/decorations/gray_banner": {
    "criteria": {
      "has_gray_wool": "2024-11-10 11:14:43 +0000"
    },
    "done": true
  },
  "another_furniture:recipes/light_blue_sofa": {
    "criteria": {
      "has_wool": "2024-11-10 11:14:44 +0000"
    },
    "done": true
  },
  "another_furniture:recipes/light_blue_stool": {
    "criteria": {
      "has_wool": "2024-11-10 11:14:44 +0000"
    },
    "done": true
  },
  "minecraft:recipes/decorations/light_blue_bed": {
    "criteria": {
      "has_light_blue_wool": "2024-11-10 11:14:44 +0000"
    },
    "done": true
  },
  "minecraft:recipes/decorations/light_blue_banner": {
    "criteria": {
      "has_light_blue_wool": "2024-11-10 11:14:44 +0000"
    },
    "done": true
  },
  "another_furniture:recipes/light_blue_lamp": {
    "criteria": {
      "has_wool": "2024-11-10 11:14:44 +0000"
    },
    "done": true
  },
  "another_furniture:recipes/light_blue_curtain": {
    "criteria": {
      "has_wool": "2024-11-10 11:14:44 +0000"
    },
    "done": true
  },
  "another_furniture:recipes/light_blue_tall_stool": {
    "criteria": {
      "has_wool": "2024-11-10 11:14:44 +0000"
    },
    "done": true
  },
  "minecraft:recipes/decorations/light_blue_carpet": {
    "criteria": {
      "has_light_blue_wool": "2024-11-10 11:14:44 +0000"
    },
    "done": true
  },
  "another_furniture:recipes/blue_tall_stool": {
    "criteria": {
      "has_wool": "2024-11-10 11:14:45 +0000"
    },
    "done": true
  },
  "another_furniture:recipes/blue_curtain": {
    "criteria": {
      "has_wool": "2024-11-10 11:14:45 +0000"
    },
    "done": true
  },
  "another_furniture:recipes/blue_sofa": {
    "criteria": {
      "has_wool": "2024-11-10 11:14:45 +0000"
    },
    "done": true
  },
  "minecraft:recipes/decorations/blue_bed": {
    "criteria": {
      "has_blue_wool": "2024-11-10 11:14:45 +0000"
    },
    "done": true
  },
  "another_furniture:recipes/blue_lamp": {
    "criteria": {
      "has_wool": "2024-11-10 11:14:45 +0000"
    },
    "done": true
  },
  "minecraft:recipes/decorations/blue_carpet": {
    "criteria": {
      "has_blue_wool": "2024-11-10 11:14:45 +0000"
    },
    "done": true
  },
  "another_furniture:recipes/blue_stool": {
    "criteria": {
      "has_wool": "2024-11-10 11:14:45 +0000"
    },
    "done": true
  },
  "minecraft:recipes/decorations/blue_banner": {
    "criteria": {
      "has_blue_wool": "2024-11-10 11:14:45 +0000"
    },
    "done": true
  },
  "minecraft:recipes/decorations/purple_bed": {
    "criteria": {
      "has_purple_wool": "2024-11-10 11:14:46 +0000"
    },
    "done": true
  },
  "another_furniture:recipes/purple_stool": {
    "criteria": {
      "has_wool": "2024-11-10 11:14:46 +0000"
    },
    "done": true
  },
  "another_furniture:recipes/purple_sofa": {
    "criteria": {
      "has_wool": "2024-11-10 11:14:46 +0000"
    },
    "done": true
  },
  "minecraft:recipes/decorations/purple_carpet": {
    "criteria": {
      "has_purple_wool": "2024-11-10 11:14:46 +0000"
    },
    "done": true
  },
  "minecraft:recipes/decorations/purple_banner": {
    "criteria": {
      "has_purple_wool": "2024-11-10 11:14:46 +0000"
    },
    "done": true
  },
  "another_furniture:recipes/purple_tall_stool": {
    "criteria": {
      "has_wool": "2024-11-10 11:14:46 +0000"
    },
    "done": true
  },
  "another_furniture:recipes/purple_lamp": {
    "criteria": {
      "has_wool": "2024-11-10 11:14:46 +0000"
    },
    "done": true
  },
  "another_furniture:recipes/purple_curtain": {
    "criteria": {
      "has_wool": "2024-11-10 11:14:46 +0000"
    },
    "done": true
  },
  "minecraft:recipes/decorations/brown_banner": {
    "criteria": {
      "has_brown_wool": "2024-11-10 11:14:56 +0000"
    },
    "done": true
  },
  "minecraft:recipes/decorations/brown_bed": {
    "criteria": {
      "has_brown_wool": "2024-11-10 11:14:56 +0000"
    },
    "done": true
  },
  "minecraft:recipes/decorations/brown_carpet": {
    "criteria": {
      "has_brown_wool": "2024-11-10 11:14:56 +0000"
    },
    "done": true
  },
  "another_furniture:recipes/brown_lamp": {
    "criteria": {
      "has_wool": "2024-11-10 11:14:56 +0000"
    },
    "done": true
  },
  "another_furniture:recipes/brown_sofa": {
    "criteria": {
      "has_wool": "2024-11-10 11:14:56 +0000"
    },
    "done": true
  },
  "another_furniture:recipes/brown_tall_stool": {
    "criteria": {
      "has_wool": "2024-11-10 11:14:56 +0000"
    },
    "done": true
  },
  "another_furniture:recipes/brown_stool": {
    "criteria": {
      "has_wool": "2024-11-10 11:14:56 +0000"
    },
    "done": true
  },
  "another_furniture:recipes/brown_curtain": {
    "criteria": {
      "has_wool": "2024-11-10 11:14:56 +0000"
    },
    "done": true
  },
  "another_furniture:recipes/red_sofa": {
    "criteria": {
      "has_wool": "2024-11-10 11:14:57 +0000"
    },
    "done": true
  },
  "another_furniture:recipes/red_curtain": {
    "criteria": {
      "has_wool": "2024-11-10 11:14:57 +0000"
    },
    "done": true
  },
  "minecraft:recipes/decorations/red_carpet": {
    "criteria": {
      "has_red_wool": "2024-11-10 11:14:57 +0000"
    },
    "done": true
  },
  "minecraft:recipes/decorations/red_banner": {
    "criteria": {
      "has_red_wool": "2024-11-10 11:14:57 +0000"
    },
    "done": true
  },
  "another_furniture:recipes/red_tall_stool": {
    "criteria": {
      "has_wool": "2024-11-10 11:14:57 +0000"
    },
    "done": true
  },
  "another_furniture:recipes/red_stool": {
    "criteria": {
      "has_wool": "2024-11-10 11:14:57 +0000"
    },
    "done": true
  },
  "another_furniture:recipes/red_lamp": {
    "criteria": {
      "has_wool": "2024-11-10 11:14:57 +0000"
    },
    "done": true
  },
  "minecraft:recipes/decorations/red_bed": {
    "criteria": {
      "has_red_wool": "2024-11-10 11:14:57 +0000"
    },
    "done": true
  },
  "minecraft:recipes/decorations/orange_bed": {
    "criteria": {
      "has_orange_wool": "2024-11-10 11:14:58 +0000"
    },
    "done": true
  },
  "minecraft:recipes/decorations/orange_banner": {
    "criteria": {
      "has_orange_wool": "2024-11-10 11:14:58 +0000"
    },
    "done": true
  },
  "another_furniture:recipes/orange_stool": {
    "criteria": {
      "has_wool": "2024-11-10 11:14:58 +0000"
    },
    "done": true
  },
  "another_furniture:recipes/orange_lamp": {
    "criteria": {
      "has_wool": "2024-11-10 11:14:58 +0000"
    },
    "done": true
  },
  "another_furniture:recipes/orange_sofa": {
    "criteria": {
      "has_wool": "2024-11-10 11:14:58 +0000"
    },
    "done": true
  },
  "another_furniture:recipes/orange_tall_stool": {
    "criteria": {
      "has_wool": "2024-11-10 11:14:58 +0000"
    },
    "done": true
  },
  "another_furniture:recipes/orange_curtain": {
    "criteria": {
      "has_wool": "2024-11-10 11:14:58 +0000"
    },
    "done": true
  },
  "minecraft:recipes/decorations/orange_carpet": {
    "criteria": {
      "has_orange_wool": "2024-11-10 11:14:58 +0000"
    },
    "done": true
  },
  "another_furniture:recipes/yellow_curtain": {
    "criteria": {
      "has_wool": "2024-11-10 11:14:59 +0000"
    },
    "done": true
  },
  "another_furniture:recipes/yellow_lamp": {
    "criteria": {
      "has_wool": "2024-11-10 11:14:59 +0000"
    },
    "done": true
  },
  "another_furniture:recipes/yellow_stool": {
    "criteria": {
      "has_wool": "2024-11-10 11:14:59 +0000"
    },
    "done": true
  },
  "minecraft:recipes/decorations/yellow_bed": {
    "criteria": {
      "has_yellow_wool": "2024-11-10 11:14:59 +0000"
    },
    "done": true
  },
  "another_furniture:recipes/yellow_sofa": {
    "criteria": {
      "has_wool": "2024-11-10 11:14:59 +0000"
    },
    "done": true
  },
  "another_furniture:recipes/yellow_tall_stool": {
    "criteria": {
      "has_wool": "2024-11-10 11:14:59 +0000"
    },
    "done": true
  },
  "minecraft:recipes/decorations/yellow_banner": {
    "criteria": {
      "has_yellow_wool": "2024-11-10 11:14:59 +0000"
    },
    "done": true
  },
  "minecraft:recipes/decorations/yellow_carpet": {
    "criteria": {
      "has_yellow_wool": "2024-11-10 11:14:59 +0000"
    },
    "done": true
  },
  "another_furniture:recipes/lime_tall_stool": {
    "criteria": {
      "has_wool": "2024-11-10 11:15:01 +0000"
    },
    "done": true
  },
  "another_furniture:recipes/lime_stool": {
    "criteria": {
      "has_wool": "2024-11-10 11:15:01 +0000"
    },
    "done": true
  },
  "minecraft:recipes/decorations/lime_bed": {
    "criteria": {
      "has_lime_wool": "2024-11-10 11:15:01 +0000"
    },
    "done": true
  },
  "another_furniture:recipes/lime_curtain": {
    "criteria": {
      "has_wool": "2024-11-10 11:15:01 +0000"
    },
    "done": true
  },
  "another_furniture:recipes/lime_sofa": {
    "criteria": {
      "has_wool": "2024-11-10 11:15:01 +0000"
    },
    "done": true
  },
  "minecraft:recipes/decorations/lime_carpet": {
    "criteria": {
      "has_lime_wool": "2024-11-10 11:15:01 +0000"
    },
    "done": true
  },
  "another_furniture:recipes/lime_lamp": {
    "criteria": {
      "has_wool": "2024-11-10 11:15:01 +0000"
    },
    "done": true
  },
  "minecraft:recipes/decorations/lime_banner": {
    "criteria": {
      "has_lime_wool": "2024-11-10 11:15:01 +0000"
    },
    "done": true
  },
  "minecraft:recipes/decorations/chest": {
    "criteria": {
      "has_lots_of_items": "2024-11-10 11:15:04 +0000"
    },
    "done": true
  },
  "another_furniture:recipes/light_gray_sofa": {
    "criteria": {
      "has_wool": "2024-11-10 11:22:24 +0000"
    },
    "done": true
  },
  "minecraft:recipes/decorations/light_gray_bed": {
    "criteria": {
      "has_light_gray_wool": "2024-11-10 11:22:24 +0000"
    },
    "done": true
  },
  "another_furniture:recipes/light_gray_tall_stool": {
    "criteria": {
      "has_wool": "2024-11-10 11:22:24 +0000"
    },
    "done": true
  },
  "another_furniture:recipes/light_gray_stool": {
    "criteria": {
      "has_wool": "2024-11-10 11:22:24 +0000"
    },
    "done": true
  },
  "minecraft:recipes/decorations/light_gray_banner": {
    "criteria": {
      "has_light_gray_wool": "2024-11-10 11:22:24 +0000"
    },
    "done": true
  },
  "minecraft:recipes/decorations/light_gray_carpet": {
    "criteria": {
      "has_light_gray_wool": "2024-11-10 11:22:24 +0000"
    },
    "done": true
  },
  "another_furniture:recipes/light_gray_curtain": {
    "criteria": {
      "has_wool": "2024-11-10 11:22:24 +0000"
    },
    "done": true
  },
  "another_furniture:recipes/light_gray_lamp": {
    "criteria": {
      "has_wool": "2024-11-10 11:22:24 +0000"
    },
    "done": true
  },
  "another_furniture:recipes/green_lamp": {
    "criteria": {
      "has_wool": "2024-11-10 11:24:55 +0000"
    },
    "done": true
  },
  "minecraft:recipes/decorations/green_banner": {
    "criteria": {
      "has_green_wool": "2024-11-10 11:24:55 +0000"
    },
    "done": true
  },
  "minecraft:recipes/decorations/green_carpet": {
    "criteria": {
      "has_green_wool": "2024-11-10 11:24:55 +0000"
    },
    "done": true
  },
  "minecraft:recipes/decorations/green_bed": {
    "criteria": {
      "has_green_wool": "2024-11-10 11:24:55 +0000"
    },
    "done": true
  },
  "another_furniture:recipes/green_tall_stool": {
    "criteria": {
      "has_wool": "2024-11-10 11:24:55 +0000"
    },
    "done": true
  },
  "another_furniture:recipes/green_curtain": {
    "criteria": {
      "has_wool": "2024-11-10 11:24:55 +0000"
    },
    "done": true
  },
  "another_furniture:recipes/green_stool": {
    "criteria": {
      "has_wool": "2024-11-10 11:24:55 +0000"
    },
    "done": true
  },
  "another_furniture:recipes/green_sofa": {
    "criteria": {
      "has_wool": "2024-11-10 11:24:55 +0000"
    },
    "done": true
  },
  "another_furniture:recipes/pink_sofa": {
    "criteria": {
      "has_wool": "2024-11-10 11:26:04 +0000"
    },
    "done": true
  },
  "minecraft:recipes/decorations/pink_bed": {
    "criteria": {
      "has_pink_wool": "2024-11-10 11:26:04 +0000"
    },
    "done": true
  },
  "another_furniture:recipes/pink_curtain": {
    "criteria": {
      "has_wool": "2024-11-10 11:26:04 +0000"
    },
    "done": true
  },
  "minecraft:recipes/decorations/pink_carpet": {
    "criteria": {
      "has_pink_wool": "2024-11-10 11:26:04 +0000"
    },
    "done": true
  },
  "minecraft:recipes/decorations/pink_banner": {
    "criteria": {
      "has_pink_wool": "2024-11-10 11:26:04 +0000"
    },
    "done": true
  },
  "another_furniture:recipes/pink_lamp": {
    "criteria": {
      "has_wool": "2024-11-10 11:26:04 +0000"
    },
    "done": true
  },
  "another_furniture:recipes/pink_tall_stool": {
    "criteria": {
      "has_wool": "2024-11-10 11:26:04 +0000"
    },
    "done": true
  },
  "another_furniture:recipes/pink_stool": {
    "criteria": {
      "has_wool": "2024-11-10 11:26:04 +0000"
    },
    "done": true
  },
  "minecraft:recipes/redstone/repeater": {
    "criteria": {
      "has_redstone_torch": "2024-11-10 11:33:17 +0000"
    },
    "done": true
  },
  "minecraft:recipes/misc/charcoal": {
    "criteria": {
      "has_log": "2024-11-10 11:41:09 +0000"
    },
    "done": true
  },
  "minecraft:recipes/building_blocks/oak_planks": {
    "criteria": {
      "has_logs": "2024-11-10 11:41:09 +0000"
    },
    "done": true
  },
  "minecraft:recipes/building_blocks/oak_wood": {
    "criteria": {
      "has_log": "2024-11-10 11:41:09 +0000"
    },
    "done": true
  },
  "minecraft:recipes/building_blocks/stone_bricks": {
    "criteria": {
      "has_stone": "2024-11-10 12:03:36 +0000"
    },
    "done": true
  },
  "minecraft:recipes/building_blocks/stone_bricks_from_stone_stonecutting": {
    "criteria": {
      "has_stone": "2024-11-10 12:03:36 +0000"
    },
    "done": true
  },
  "minecraft:recipes/building_blocks/stone_slab": {
    "criteria": {
      "has_stone": "2024-11-10 12:03:36 +0000"
    },
    "done": true
  },
  "minecraft:recipes/decorations/glow_item_frame": {
    "criteria": {
      "has_item_frame": "2024-11-10 12:06:35 +0000"
    },
    "done": true
  },
  "minecraft:recipes/building_blocks/stone_stairs_from_stone_stonecutting": {
    "criteria": {
      "has_stone": "2024-11-10 12:03:36 +0000"
    },
    "done": true
  },
  "minecraft:recipes/transportation/cherry_boat": {
    "criteria": {
      "in_water": "2024-11-10 12:10:39 +0000"
    },
    "done": true
  },
  "minecraft:recipes/redstone/stone_button": {
    "criteria": {
      "has_stone": "2024-11-10 12:03:36 +0000"
    },
    "done": true
  },
  "minecraft:recipes/decorations/stonecutter": {
    "criteria": {
      "has_stone": "2024-11-10 12:03:36 +0000"
    },
    "done": true
  },
  "minecraft:recipes/transportation/bamboo_raft": {
    "criteria": {
      "in_water": "2024-11-10 12:10:39 +0000"
    },
    "done": true
  },
  "minecraft:recipes/redstone/stone_pressure_plate": {
    "criteria": {
      "has_stone": "2024-11-10 12:03:36 +0000"
    },
    "done": true
  },
  "minecraft:recipes/building_blocks/smooth_stone": {
    "criteria": {
      "has_stone": "2024-11-10 12:03:36 +0000"
    },
    "done": true
  },
  "minecraft:recipes/transportation/spruce_boat": {
    "criteria": {
      "in_water": "2024-11-10 12:10:39 +0000"
    },
    "done": true
  },
  "minecraft:recipes/transportation/birch_boat": {
    "criteria": {
      "in_water": "2024-11-10 12:10:39 +0000"
    },
    "done": true
  },
  "minecraft:recipes/transportation/oak_boat": {
    "criteria": {
      "in_water": "2024-11-10 12:10:39 +0000"
    },
    "done": true
  },
  "minecraft:recipes/decorations/stone_brick_walls_from_stone_stonecutting": {
    "criteria": {
      "has_stone": "2024-11-10 12:03:36 +0000"
    },
    "done": true
  },
  "minecraft:recipes/transportation/mangrove_boat": {
    "criteria": {
      "in_water": "2024-11-10 12:10:39 +0000"
    },
    "done": true
  },
  "minecraft:recipes/building_blocks/stone_brick_slab_from_stone_stonecutting": {
    "criteria": {
      "has_stone": "2024-11-10 12:03:36 +0000"
    },
    "done": true
  },
  "minecraft:recipes/building_blocks/stone_brick_stairs_from_stone_stonecutting": {
    "criteria": {
      "has_stone": "2024-11-10 12:03:36 +0000"
    },
    "done": true
  },
  "minecraft:recipes/building_blocks/stone_slab_from_stone_stonecutting": {
    "criteria": {
      "has_stone": "2024-11-10 12:03:36 +0000"
    },
    "done": true
  },
  "minecraft:recipes/building_blocks/chiseled_stone_bricks_stone_from_stonecutting": {
    "criteria": {
      "has_stone": "2024-11-10 12:03:36 +0000"
    },
    "done": true
  },
  "minecraft:recipes/transportation/acacia_boat": {
    "criteria": {
      "in_water": "2024-11-10 12:10:39 +0000"
    },
    "done": true
  },
  "minecraft:recipes/transportation/jungle_boat": {
    "criteria": {
      "in_water": "2024-11-10 12:10:39 +0000"
    },
    "done": true
  },
  "minecraft:recipes/transportation/dark_oak_boat": {
    "criteria": {
      "in_water": "2024-11-10 12:10:39 +0000"
    },
    "done": true
  },
  "minecraft:recipes/building_blocks/stone_stairs": {
    "criteria": {
      "has_stone": "2024-11-10 12:03:36 +0000"
    },
    "done": true
  },
  "DataVersion": 3465
}